{"eps_since_update": 0, "timesteps_since_update": 0, "max_eps_before_update": 1, "min_return": 100000000.0, "best_min_return": -100000000.0, "max": 95.6497573852539, "min": 1.7935475327135464e-10, "max_target": 95.6497573852539, "min_target": 1.7935475327135464e-10, "training_steps": 94500, "buffer_max_priority": 6.146756172180176}