{"eps_since_update": 0, "timesteps_since_update": 0, "max_eps_before_update": 1, "min_return": 100000000.0, "best_min_return": -100000000.0, "max": 46.82327651977539, "min": 7.036041438368557e-07, "max_target": 46.82327651977539, "min_target": 7.036041438368557e-07, "training_steps": 74500, "buffer_max_priority": 4.588820934295654}