{"eps_since_update": 0, "timesteps_since_update": 0, "max_eps_before_update": 1, "min_return": 100000000.0, "best_min_return": -100000000.0, "max": 99.99971771240234, "min": 6.095434400776867e-06, "max_target": 99.99971771240234, "min_target": 6.095434400776867e-06, "training_steps": 5000001, "buffer_max_priority": 2.6503400802612305}