{"eps_since_update": 0, "timesteps_since_update": 0, "max_eps_before_update": 1, "min_return": 100000000.0, "best_min_return": -100000000.0, "max": 92.95610046386719, "min": 3.645124735385252e-08, "max_target": 92.95610046386719, "min_target": 3.645124735385252e-08, "training_steps": 94500, "buffer_max_priority": 6.069827079772949}