{"eps_since_update": 0, "timesteps_since_update": 0, "max_eps_before_update": 1, "min_return": 100000000.0, "best_min_return": -100000000.0, "max": 97.38626861572266, "min": 6.019570952808806e-11, "max_target": 97.38626861572266, "min_target": 6.019570952808806e-11, "training_steps": 99500, "buffer_max_priority": 6.20552921295166}