{"eps_since_update": 0, "timesteps_since_update": 0, "max_eps_before_update": 1, "min_return": 100000000.0, "best_min_return": -100000000.0, "max": 91.2750473022461, "min": 4.669794551048767e-10, "max_target": 91.2750473022461, "min_target": 4.669794551048767e-10, "training_steps": 94500, "buffer_max_priority": 6.0519537925720215}