{"eps_since_update": 0, "timesteps_since_update": 0, "max_eps_before_update": 1, "min_return": 100000000.0, "best_min_return": -100000000.0, "max": 99.99971771240234, "min": 3.214445376542585e-11, "max_target": 99.99971771240234, "min_target": 3.214445376542585e-11, "training_steps": 4994500, "buffer_max_priority": 48.11494445800781}