{"eps_since_update": 0, "timesteps_since_update": 0, "max_eps_before_update": 1, "min_return": 100000000.0, "best_min_return": -100000000.0, "max": 96.26245880126953, "min": 1.8001907520215354e-08, "max_target": 96.26245880126953, "min_target": 1.8001907520215354e-08, "training_steps": 94500, "buffer_max_priority": 6.143368244171143}