{"eps_since_update": 0, "timesteps_since_update": 0, "max_eps_before_update": 1, "min_return": 100000000.0, "best_min_return": -100000000.0, "max": 58.30892562866211, "min": 4.960341357218567e-06, "max_target": 57.88780212402344, "min_target": 4.960341357218567e-06, "training_steps": 21970, "buffer_max_priority": 4.986212730407715}