{"eps_since_update": 0, "timesteps_since_update": 0, "max_eps_before_update": 1, "min_return": 100000000.0, "best_min_return": 488.2311380519049, "max": 99.99971771240234, "min": 3.694069619086804e-06, "max_target": 99.99971771240234, "min_target": 3.694069619086804e-06, "training_steps": 10000001, "buffer_max_priority": 29.55574607849121}