{"eps_since_update": 0, "timesteps_since_update": 0, "max_eps_before_update": 1, "min_return": 100000000.0, "best_min_return": -100000000.0, "max": 47.254451751708984, "min": 3.875312515333462e-09, "max_target": 47.254451751708984, "min_target": 3.875312515333462e-09, "training_steps": 74500, "buffer_max_priority": 4.59789514541626}