{"eps_since_update": 0, "timesteps_since_update": 0, "max_eps_before_update": 1, "min_return": 100000000.0, "best_min_return": -100000000.0, "max": 97.11490631103516, "min": 1.9875517898171324e-11, "max_target": 97.11490631103516, "min_target": 1.9875517898171324e-11, "training_steps": 94500, "buffer_max_priority": 6.181642055511475}