{"eps_since_update": 0, "timesteps_since_update": 0, "max_eps_before_update": 1, "min_return": 100000000.0, "best_min_return": -100000000.0, "max": 96.87763214111328, "min": 1.6421775050901033e-09, "max_target": 96.87763214111328, "min_target": 1.6421775050901033e-09, "training_steps": 94500, "buffer_max_priority": 6.192778587341309}