{"eps_since_update": 0, "timesteps_since_update": 0, "max_eps_before_update": 1, "min_return": 100000000.0, "best_min_return": -100000000.0, "max": 96.47440338134766, "min": 3.5095953920816214e-11, "max_target": 96.47440338134766, "min_target": 3.5095953920816214e-11, "training_steps": 99500, "buffer_max_priority": 6.19699764251709}