{"eps_since_update": 0, "timesteps_since_update": 0, "max_eps_before_update": 1, "min_return": 100000000.0, "best_min_return": -100000000.0, "max": 99.99971771240234, "min": 3.466367104465462e-08, "max_target": 99.99971771240234, "min_target": 3.466367104465462e-08, "training_steps": 4994500, "buffer_max_priority": 52.04043197631836}