{"eps_since_update": 0, "timesteps_since_update": 0, "max_eps_before_update": 1, "min_return": 100000000.0, "best_min_return": -100000000.0, "max": 97.62067413330078, "min": 8.791407424268982e-08, "max_target": 97.62067413330078, "min_target": 8.791407424268982e-08, "training_steps": 94500, "buffer_max_priority": 6.16948938369751}