{"eps_since_update": 0, "timesteps_since_update": 0, "max_eps_before_update": 1, "min_return": 100000000.0, "best_min_return": -100000000.0, "max": 97.06957244873047, "min": 4.110234375076516e-09, "max_target": 97.06957244873047, "min_target": 4.110234375076516e-09, "training_steps": 94500, "buffer_max_priority": 6.200051784515381}