{"eps_since_update": 0, "timesteps_since_update": 0, "max_eps_before_update": 1, "min_return": 100000000.0, "best_min_return": -100000000.0, "max": 95.810546875, "min": 4.306169500978285e-07, "max_target": 95.810546875, "min_target": 4.306169500978285e-07, "training_steps": 94500, "buffer_max_priority": 6.16038703918457}