{"eps_since_update": 0, "timesteps_since_update": 0, "max_eps_before_update": 1, "min_return": 100000000.0, "best_min_return": -100000000.0, "max": 97.13139343261719, "min": 6.676859065635199e-11, "max_target": 97.13139343261719, "min_target": 6.676859065635199e-11, "training_steps": 94500, "buffer_max_priority": 6.194963455200195}