{"eps_since_update": 0, "timesteps_since_update": 0, "max_eps_before_update": 1, "min_return": 100000000.0, "best_min_return": -100000000.0, "max": 91.68314361572266, "min": 2.902031726037535e-09, "max_target": 91.68314361572266, "min_target": 2.902031726037535e-09, "training_steps": 94500, "buffer_max_priority": 6.034629821777344}