{"eps_since_update": 0, "timesteps_since_update": 0, "max_eps_before_update": 1, "min_return": 100000000.0, "best_min_return": -100000000.0, "max": 97.58517456054688, "min": 5.6939704506930866e-08, "max_target": 97.58517456054688, "min_target": 5.6939704506930866e-08, "training_steps": 94500, "buffer_max_priority": 6.221712112426758}