{"eps_since_update": 0, "timesteps_since_update": 0, "max_eps_before_update": 1, "min_return": 100000000.0, "best_min_return": -100000000.0, "max": 46.83409118652344, "min": 7.385728029163374e-09, "max_target": 46.83409118652344, "min_target": 7.385728029163374e-09, "training_steps": 74500, "buffer_max_priority": 4.5905022621154785}