{"eps_since_update": 0, "timesteps_since_update": 0, "max_eps_before_update": 1, "min_return": 100000000.0, "best_min_return": -100000000.0, "max": 93.29914093017578, "min": 4.040373591251978e-11, "max_target": 93.29914093017578, "min_target": 4.040373591251978e-11, "training_steps": 94500, "buffer_max_priority": 6.10004186630249}