{"eps_since_update": 0, "timesteps_since_update": 0, "max_eps_before_update": 1, "min_return": 100000000.0, "best_min_return": -100000000.0, "max": 99.99971771240234, "min": 1.687146141193807e-05, "max_target": 99.99971771240234, "min_target": 1.687146141193807e-05, "training_steps": 5000001, "buffer_max_priority": 2.9931480884552}