{"eps_since_update": 0, "timesteps_since_update": 0, "max_eps_before_update": 1, "min_return": 100000000.0, "best_min_return": -100000000.0, "max": 45.985694885253906, "min": 1.4667560499503907e-08, "max_target": 45.985694885253906, "min_target": 1.4667560499503907e-08, "training_steps": 74500, "buffer_max_priority": 4.580406665802002}