{"eps_since_update": 0, "timesteps_since_update": 0, "max_eps_before_update": 1, "min_return": 100000000.0, "best_min_return": -100000000.0, "max": 45.867305755615234, "min": 2.5485579158157634e-07, "max_target": 45.867305755615234, "min_target": 2.5485579158157634e-07, "training_steps": 74500, "buffer_max_priority": 4.584789276123047}