{"eps_since_update": 0, "timesteps_since_update": 0, "max_eps_before_update": 1, "min_return": 100000000.0, "best_min_return": -100000000.0, "max": 56.359657287597656, "min": 1.0165349806356971e-07, "max_target": 56.359657287597656, "min_target": 1.0165349806356971e-07, "training_steps": 94500, "buffer_max_priority": 4.577104568481445}