{"eps_since_update": 0, "timesteps_since_update": 0, "max_eps_before_update": 1, "min_return": 100000000.0, "best_min_return": -100000000.0, "max": 36.36304473876953, "min": 5.661768227582797e-07, "max_target": 35.720245361328125, "min_target": 5.661768227582797e-07, "training_steps": 11180, "buffer_max_priority": 4.083070755004883}