{"eps_since_update": 0, "timesteps_since_update": 0, "max_eps_before_update": 1, "min_return": 100000000.0, "best_min_return": -100000000.0, "max": 62.74545669555664, "min": 5.661768227582797e-07, "max_target": 62.36914825439453, "min_target": 5.661768227582797e-07, "training_steps": 25740, "buffer_max_priority": 5.02863883972168}