{"eps_since_update": 2, "timesteps_since_update": 1000, "max_eps_before_update": 20, "min_return": 485.4751410966307, "best_min_return": 485.33859832832934, "max": 99.99971771240234, "min": 6.587312639805276e-11, "max_target": 99.99971771240234, "min_target": 6.587312639805276e-11, "training_steps": 4998500, "buffer_max_priority": 6.715773582458496}