{
    "algorithm": "TD7",
    "hyperparameters":{
      "buffer_size": 1000000,
      "zs_dim": 512,
      "enc_hdim": 512,
      "critic_hdim": 512,
      "actor_hdim": 512
    },
    "environment_kwargs": {
        "env_name": "Door-v0",
        "motor_obs": true,
        "input_max": [0.73132122, 0.63249396, 1.04867809, 0.82074198, 1.23940366, 0.73069696, 0.89224023],
        "input_min": [-0.6797611, -0.46385764, -0.64722833,-0.40239734, -0.53581053, -0.49964198, -0.83811197],
        "max_joint_pos": [0.24625256, 0.0, 0.34377382, 1.6515779, 1.93695643, 0.08437629, 0.22024793],
        "min_joint_pos": [-0.11346592, -0.41125246, 0.0, 0.0, 0.0, -0.67034226, -0.74194147],
        "max_current": [638.4, 739.2, 675.36, 705.6, 534.24, 151.2, 544.32]
    },
    "seed": 5,
    "demo_file_name": "reach_handle_v4.npy",
    "offline": true,
    "eval_during_training": false
}