{"eps_since_update": 2, "timesteps_since_update": 1000, "max_eps_before_update": 20, "min_return": 484.9031694054184, "best_min_return": 484.90061685415685, "max": 99.99971771240234, "min": 1.6284700254942663e-09, "max_target": 99.99971771240234, "min_target": 1.6284700254942663e-09, "training_steps": 4973500, "buffer_max_priority": 6.318109512329102}