{"eps_since_update": 0, "timesteps_since_update": 0, "max_eps_before_update": 1, "min_return": 100000000.0, "best_min_return": -100000000.0, "max": 94.64762878417969, "min": 1.4514295321177428e-09, "max_target": 94.64762878417969, "min_target": 1.4514295321177428e-09, "training_steps": 94500, "buffer_max_priority": 6.14015531539917}