{
    "algorithm": "TD7",
    "hyperparameters":{
      "buffer_size": 1000000
    },
    "environment_kwargs": {
        "env_name": "Door-v0",
        "motor_obs": true,
        "input_max": [0.1, 0.1, 0.1, 0.5, 0.5, 0.5],
        "input_min": [-0.1, -0.1, -0.1, -0.5, -0.5, -0.5],
        "max_joint_pos": [0.7283059976196287, 0.23225245117187499, 1.216608850402832, 2.2505973721313475, 2.1497962567138673, 0.9878909738085597, 1.6008305764770503], 
        "min_joint_pos": [-1.1370145492553712, -1.1126651388549804, -0.1294592251586914, -0.12477176177978533, 0.20087376098632814, -1.3192161311714448, -1.1476793658447266], 
        "max_motor_current": [268.8, 332.64, 1384.32, 1182.72, 2980.3199999999997, 2556.96, 796.3199999999999, 756.0, 2402.4, 2046.24, 598.0799999999999, 564.48, 1219.68], 
        "min_motor_current": [-678.72, -2352.0, -685.4399999999999, -698.88, -685.4399999999999, -178.07999999999998, -3259.2, -1192.8, -715.68, -698.88, -2415.8399999999997, -1028.1599999999999, -517.4399999999999]
    },
    "episode_length": 130,
    "original_episode_length": 130,
    "demo_buffer": true,
    "demo_file_name": "gh360_door_demonstration_v6.npy",
    "seed": 2,
    "offline": false,
    "eval_during_training": true,
    "init_buffer_paths": false
}