{"eps_since_update": 0, "timesteps_since_update": 0, "max_eps_before_update": 1, "min_return": 100000000.0, "best_min_return": -100000000.0, "max": 94.15677642822266, "min": 3.214445376542585e-11, "max_target": 94.15677642822266, "min_target": 3.214445376542585e-11, "training_steps": 94500, "buffer_max_priority": 6.081857681274414}