{"eps_since_update": 0, "timesteps_since_update": 0, "max_eps_before_update": 1, "min_return": 100000000.0, "best_min_return": -100000000.0, "max": 97.6818618774414, "min": 6.153248577334125e-09, "max_target": 97.6818618774414, "min_target": 6.153248577334125e-09, "training_steps": 94500, "buffer_max_priority": 6.220557689666748}