{"eps_since_update": 0, "timesteps_since_update": 0, "max_eps_before_update": 1, "min_return": 100000000.0, "best_min_return": -100000000.0, "max": 96.99140930175781, "min": 2.334026305561565e-10, "max_target": 96.99140930175781, "min_target": 2.334026305561565e-10, "training_steps": 99500, "buffer_max_priority": 6.193267345428467}