{"eps_since_update": 0, "timesteps_since_update": 0, "max_eps_before_update": 1, "min_return": 100000000.0, "best_min_return": -100000000.0, "max": 94.195556640625, "min": 1.1033415603378671e-06, "max_target": 94.195556640625, "min_target": 1.1033415603378671e-06, "training_steps": 100001, "buffer_max_priority": 1.9834177494049072}