{"eps_since_update": 0, "timesteps_since_update": 0, "max_eps_before_update": 1, "min_return": 100000000.0, "best_min_return": -100000000.0, "max": 86.61949157714844, "min": 5.412255532633026e-09, "max_target": 86.61949157714844, "min_target": 5.412255532633026e-09, "training_steps": 94500, "buffer_max_priority": 5.926187515258789}