{"eps_since_update": 0, "timesteps_since_update": 0, "max_eps_before_update": 1, "min_return": 100000000.0, "best_min_return": -100000000.0, "max": 93.50608825683594, "min": 1.6413567727191491e-10, "max_target": 93.50608825683594, "min_target": 1.6413567727191491e-10, "training_steps": 99500, "buffer_max_priority": 6.125936031341553}