{"eps_since_update": 0, "timesteps_since_update": 0, "max_eps_before_update": 1, "min_return": 100000000.0, "best_min_return": -100000000.0, "max": 93.7869873046875, "min": 6.67359223438524e-11, "max_target": 93.7869873046875, "min_target": 6.67359223438524e-11, "training_steps": 94500, "buffer_max_priority": 6.093579292297363}