{"eps_since_update": 0, "timesteps_since_update": 0, "max_eps_before_update": 1, "min_return": 100000000.0, "best_min_return": -100000000.0, "max": 93.48420715332031, "min": 1.584689268696593e-09, "max_target": 93.48420715332031, "min_target": 1.584689268696593e-09, "training_steps": 94500, "buffer_max_priority": 6.115013122558594}