{"eps_since_update": 0, "timesteps_since_update": 0, "max_eps_before_update": 1, "min_return": 100000000.0, "best_min_return": -100000000.0, "max": 60.941986083984375, "min": 3.455961268628016e-05, "max_target": 60.560916900634766, "min_target": 3.455961268628016e-05, "training_steps": 24570, "buffer_max_priority": 5.095036029815674}