{"eps_since_update": 0, "timesteps_since_update": 0, "max_eps_before_update": 1, "min_return": 100000000.0, "best_min_return": -100000000.0, "max": 45.394775390625, "min": 3.572397133666527e-08, "max_target": 45.394775390625, "min_target": 3.572397133666527e-08, "training_steps": 74500, "buffer_max_priority": 4.546839714050293}