{"eps_since_update": 0, "timesteps_since_update": 0, "max_eps_before_update": 1, "min_return": 100000000.0, "best_min_return": -100000000.0, "max": 62.568572998046875, "min": 9.156912597063638e-07, "max_target": 62.318241119384766, "min_target": 9.156912597063638e-07, "training_steps": 24570, "buffer_max_priority": 5.162156105041504}