{"eps_since_update": 0, "timesteps_since_update": 0, "max_eps_before_update": 1, "min_return": 100000000.0, "best_min_return": -100000000.0, "max": 60.72752380371094, "min": 9.156912597063638e-07, "max_target": 60.376285552978516, "min_target": 9.156912597063638e-07, "training_steps": 23270, "buffer_max_priority": 5.049739360809326}