{"eps_since_update": 0, "timesteps_since_update": 0, "max_eps_before_update": 1, "min_return": 100000000.0, "best_min_return": -100000000.0, "max": 27.169525146484375, "min": 2.9540601644839626e-06, "max_target": 26.938913345336914, "min_target": 2.9540601644839626e-06, "training_steps": 19370, "buffer_max_priority": 3.672236919403076}