{"eps_since_update": 0, "timesteps_since_update": 0, "max_eps_before_update": 1, "min_return": 100000000.0, "best_min_return": -100000000.0, "max": 96.77998352050781, "min": 3.804123238637658e-09, "max_target": 96.77998352050781, "min_target": 3.804123238637658e-09, "training_steps": 94500, "buffer_max_priority": 6.18082332611084}