{"eps_since_update": 2, "timesteps_since_update": 1000, "max_eps_before_update": 20, "min_return": 485.07110285489796, "best_min_return": 484.47106074258164, "max": 99.99971771240234, "min": 3.838431655855956e-11, "max_target": 99.99971771240234, "min_target": 3.838431655855956e-11, "training_steps": 4973500, "buffer_max_priority": 9.089900970458984}