{"eps_since_update": 0, "timesteps_since_update": 0, "max_eps_before_update": 1, "min_return": 100000000.0, "best_min_return": -100000000.0, "max": 97.0927505493164, "min": 1.5874909720103858e-10, "max_target": 97.0927505493164, "min_target": 1.5874909720103858e-10, "training_steps": 99500, "buffer_max_priority": 6.162300109863281}