{"eps_since_update": 0, "timesteps_since_update": 0, "max_eps_before_update": 1, "min_return": 100000000.0, "best_min_return": -100000000.0, "max": 99.99971771240234, "min": 2.0597452632387103e-08, "max_target": 99.99971771240234, "min_target": 2.0597452632387103e-08, "training_steps": 4974500, "buffer_max_priority": 8.559524536132812}