{"eps_since_update": 0, "timesteps_since_update": 0, "max_eps_before_update": 20, "min_return": 100000000.0, "best_min_return": 486.34029173075686, "max": 99.99971771240234, "min": 4.317520208019232e-08, "max_target": 99.99971771240234, "min_target": 4.317520208019232e-08, "training_steps": 4974500, "buffer_max_priority": 6.297793865203857}