{"eps_since_update": 0, "timesteps_since_update": 0, "max_eps_before_update": 1, "min_return": 100000000.0, "best_min_return": -100000000.0, "max": 97.37542724609375, "min": 5.815745041104492e-08, "max_target": 97.37542724609375, "min_target": 5.815745041104492e-08, "training_steps": 94500, "buffer_max_priority": 6.169722080230713}