{
    "algorithm": "TD7",
    "hyperparameters":{
      "buffer_size": 1000000
    },
    "environment_kwargs": {
        "env_name": "Door-v0",
        "motor_obs": true,
        "input_max": [0.1, 0.1, 0.1, 0.5, 0.5, 0.5],
        "input_min": [-0.1, -0.1, -0.1, -0.5, -0.5, -0.5],
        "max_joint_pos": [0.612106958618164, 0.25986410400390625, 0.5305359765625, 1.984451718444824, 2.177791404724121, 0.8759103762929081, 1.3469567684936523], 
        "min_joint_pos": [-0.8217815127563477, -0.7621505459594726, -0.10108058197021484, 0.29017002105712875, 0.1767135647583008, -0.918847145533292, -1.1277376165771487], 
        "max_motor_current": [245.28, 248.64, 1004.64, 682.0799999999999, 2388.96, 836.64, 742.56, 692.16, 1992.48, 1582.56, 564.48, 534.24, 678.72], 
        "min_motor_current": [-588.0, -1196.1599999999999, -631.68, -661.92, -685.4399999999999, -178.07999999999998, -1727.04, -601.4399999999999, -420.0, -624.9599999999999, -924.0, -682.0799999999999, -487.2]
    },
    "episode_length": 130,
    "max_episodes": 200,
    "eval_episodes": 5,
    "demo_buffer": false,
    "max_experiment_runs": 5,
    "seed": 1,
    "offline": false,
    "eval_during_training": true,
    "init_buffer_paths": false
}