{"eps_since_update": 0, "timesteps_since_update": 0, "max_eps_before_update": 1, "min_return": 100000000.0, "best_min_return": -100000000.0, "max": 95.03838348388672, "min": 6.398567786725096e-11, "max_target": 95.03838348388672, "min_target": 6.398567786725096e-11, "training_steps": 94500, "buffer_max_priority": 6.140744209289551}