{"eps_since_update": 0, "timesteps_since_update": 0, "max_eps_before_update": 1, "min_return": 100000000.0, "best_min_return": -100000000.0, "max": 96.33049011230469, "min": 5.016299375881772e-09, "max_target": 96.33049011230469, "min_target": 5.016299375881772e-09, "training_steps": 94500, "buffer_max_priority": 6.112972259521484}