{"eps_since_update": 0, "timesteps_since_update": 0, "max_eps_before_update": 1, "min_return": 100000000.0, "best_min_return": -100000000.0, "max": 93.70358276367188, "min": 7.282072722603061e-09, "max_target": 93.70358276367188, "min_target": 7.282072722603061e-09, "training_steps": 94500, "buffer_max_priority": 6.094608306884766}