{"eps_since_update": 0, "timesteps_since_update": 0, "max_eps_before_update": 1, "min_return": 100000000.0, "best_min_return": -100000000.0, "max": 99.99971771240234, "min": 2.6266151476050936e-09, "max_target": 99.99971771240234, "min_target": 2.6266151476050936e-09, "training_steps": 4994500, "buffer_max_priority": 12.16460132598877}