{"eps_since_update": 0, "timesteps_since_update": 0, "max_eps_before_update": 1, "min_return": 100000000.0, "best_min_return": -100000000.0, "max": 35.31552505493164, "min": 2.2212707335711457e-06, "max_target": 34.67783737182617, "min_target": 2.2212707335711457e-06, "training_steps": 10790, "buffer_max_priority": 4.011532306671143}