{"eps_since_update": 0, "timesteps_since_update": 0, "max_eps_before_update": 1, "min_return": 100000000.0, "best_min_return": -100000000.0, "max": 99.99971771240234, "min": 9.436538675799966e-05, "max_target": 99.99971771240234, "min_target": 9.436538675799966e-05, "training_steps": 5000001, "buffer_max_priority": 2.5107386112213135}