{"eps_since_update": 0, "timesteps_since_update": 0, "max_eps_before_update": 1, "min_return": 100000000.0, "best_min_return": -100000000.0, "max": 65.48143768310547, "min": 3.481430610463576e-08, "max_target": 65.48143768310547, "min_target": 3.481430610463576e-08, "training_steps": 74500, "buffer_max_priority": 5.303609848022461}