{"eps_since_update": 0, "timesteps_since_update": 0, "max_eps_before_update": 1, "min_return": 100000000.0, "best_min_return": -100000000.0, "max": 88.85108947753906, "min": 6.0774552057552e-11, "max_target": 88.85108947753906, "min_target": 6.0774552057552e-11, "training_steps": 94500, "buffer_max_priority": 5.967681884765625}