{"eps_since_update": 0, "timesteps_since_update": 0, "max_eps_before_update": 1, "min_return": 100000000.0, "best_min_return": -100000000.0, "max": 97.76929473876953, "min": 2.5935781300390204e-11, "max_target": 97.76929473876953, "min_target": 2.5935781300390204e-11, "training_steps": 99500, "buffer_max_priority": 6.244486331939697}