{"eps_since_update": 0, "timesteps_since_update": 0, "max_eps_before_update": 1, "min_return": 100000000.0, "best_min_return": -100000000.0, "max": 25.447999954223633, "min": 2.028462040470913e-05, "max_target": 25.266300201416016, "min_target": 2.028462040470913e-05, "training_steps": 19370, "buffer_max_priority": 3.5943214893341064}