{"eps_since_update": 0, "timesteps_since_update": 0, "max_eps_before_update": 1, "min_return": 100000000.0, "best_min_return": -100000000.0, "max": 96.79641723632812, "min": 3.546558247080611e-08, "max_target": 96.79641723632812, "min_target": 3.546558247080611e-08, "training_steps": 94500, "buffer_max_priority": 6.198009490966797}