{
    "algorithm": "TD7",
    "hyperparameters":{
      "buffer_size": 1000000,
      "zs_dim": 512,
      "enc_hdim": 512,
      "critic_hdim": 512,
      "actor_hdim": 512
    },
    "environment_kwargs": {
        "env_name": "Door-v0",
        "motor_obs": true,
        "max_joint_pos": [0.40847102, 0.10071361, 0.58921074, 1.95262162, 2.17625742, 1.13055119, 0.95118974],
        "min_joint_pos": [-0.26072807, -0.44269906, 0.0273903, 1.34286429, 1.23439327, -0.51080826, -0.45623756]
    },
    "episode_length": 130,
    "original_episode_length": 130,
    "seed": 3,
    "offline": false,
    "eval_during_training": true,
    "init_buffer_paths": false
}