{"eps_since_update": 0, "timesteps_since_update": 0, "max_eps_before_update": 20, "min_return": 100000000.0, "best_min_return": 485.14496107844366, "max": 99.99971771240234, "min": 9.945340384565071e-11, "max_target": 99.99971771240234, "min_target": 9.945340384565071e-11, "training_steps": 4999500, "buffer_max_priority": 10.309974670410156}