{"eps_since_update": 0, "timesteps_since_update": 0, "max_eps_before_update": 1, "min_return": 100000000.0, "best_min_return": -100000000.0, "max": 47.41396713256836, "min": 1.823519113486327e-11, "max_target": 47.41396713256836, "min_target": 1.823519113486327e-11, "training_steps": 74500, "buffer_max_priority": 4.648844242095947}