{"eps_since_update": 0, "timesteps_since_update": 0, "max_eps_before_update": 1, "min_return": 100000000.0, "best_min_return": -100000000.0, "max": 97.19955444335938, "min": 1.915548275555068e-11, "max_target": 97.19955444335938, "min_target": 1.915548275555068e-11, "training_steps": 94500, "buffer_max_priority": 6.164666652679443}