{"eps_since_update": 0, "timesteps_since_update": 0, "max_eps_before_update": 1, "min_return": 100000000.0, "best_min_return": -100000000.0, "max": 54.46135330200195, "min": 6.199835089759631e-10, "max_target": 54.46135330200195, "min_target": 6.199835089759631e-10, "training_steps": 4974500, "buffer_max_priority": 6.28715181350708}