{"eps_since_update": 0, "timesteps_since_update": 0, "max_eps_before_update": 1, "min_return": 100000000.0, "best_min_return": -100000000.0, "max": 92.2321548461914, "min": 1.039266976476938e-06, "max_target": 92.15369415283203, "min_target": 1.039266976476938e-06, "training_steps": 100001, "buffer_max_priority": 2.223827362060547}