{"eps_since_update": 0, "timesteps_since_update": 0, "max_eps_before_update": 20, "min_return": 100000000.0, "best_min_return": 486.0426264183915, "max": 99.99971771240234, "min": 2.38353337067565e-10, "max_target": 99.99971771240234, "min_target": 2.38353337067565e-10, "training_steps": 4974500, "buffer_max_priority": 6.499279975891113}