{"eps_since_update": 0, "timesteps_since_update": 0, "max_eps_before_update": 20, "min_return": 100000000.0, "best_min_return": 484.4229225682552, "max": 99.99971771240234, "min": 3.49996698290056e-11, "max_target": 99.99971771240234, "min_target": 3.49996698290056e-11, "training_steps": 4993500, "buffer_max_priority": 10.19254207611084}