{"eps_since_update": 0, "timesteps_since_update": 0, "max_eps_before_update": 1, "min_return": 100000000.0, "best_min_return": -100000000.0, "max": 96.865478515625, "min": 1.80976059027671e-07, "max_target": 96.865478515625, "min_target": 1.80976059027671e-07, "training_steps": 94500, "buffer_max_priority": 6.164454936981201}