{"eps_since_update": 0, "timesteps_since_update": 0, "max_eps_before_update": 1, "min_return": 100000000.0, "best_min_return": -100000000.0, "max": 96.2459945678711, "min": 1.1476071204441496e-09, "max_target": 96.2459945678711, "min_target": 1.1476071204441496e-09, "training_steps": 94500, "buffer_max_priority": 6.189370632171631}