{"eps_since_update": 0, "timesteps_since_update": 0, "max_eps_before_update": 1, "min_return": 100000000.0, "best_min_return": -100000000.0, "max": 95.03770446777344, "min": 4.3562098372973423e-11, "max_target": 95.03770446777344, "min_target": 4.3562098372973423e-11, "training_steps": 94500, "buffer_max_priority": 6.099066257476807}