{"eps_since_update": 0, "timesteps_since_update": 0, "max_eps_before_update": 1, "min_return": 100000000.0, "best_min_return": -100000000.0, "max": 97.3104476928711, "min": 4.1428243946484145e-08, "max_target": 97.3104476928711, "min_target": 4.1428243946484145e-08, "training_steps": 100001, "buffer_max_priority": 2.211265802383423}