{"eps_since_update": 0, "timesteps_since_update": 0, "max_eps_before_update": 1, "min_return": 100000000.0, "best_min_return": -100000000.0, "max": 96.57318115234375, "min": 3.645124735385252e-08, "max_target": 96.57318115234375, "min_target": 3.645124735385252e-08, "training_steps": 94500, "buffer_max_priority": 6.187989234924316}