{"eps_since_update": 0, "timesteps_since_update": 0, "max_eps_before_update": 1, "min_return": 100000000.0, "best_min_return": -100000000.0, "max": 90.56832885742188, "min": 3.1902064323574564e-11, "max_target": 90.56832885742188, "min_target": 3.1902064323574564e-11, "training_steps": 94500, "buffer_max_priority": 5.9910359382629395}