{"eps_since_update": 0, "timesteps_since_update": 0, "max_eps_before_update": 1, "min_return": 100000000.0, "best_min_return": -100000000.0, "max": 69.0201644897461, "min": 1.2741030452900759e-11, "max_target": 69.0201644897461, "min_target": 1.2741030452900759e-11, "training_steps": 94500, "buffer_max_priority": 5.372622013092041}