{"eps_since_update": 0, "timesteps_since_update": 0, "max_eps_before_update": 1, "min_return": 100000000.0, "best_min_return": -100000000.0, "max": 90.09525299072266, "min": 5.124445312532089e-11, "max_target": 90.09525299072266, "min_target": 5.124445312532089e-11, "training_steps": 94500, "buffer_max_priority": 5.991705417633057}