{"eps_since_update": 0, "timesteps_since_update": 0, "max_eps_before_update": 1, "min_return": 100000000.0, "best_min_return": -100000000.0, "max": 97.73754119873047, "min": 2.465478932123233e-10, "max_target": 97.73754119873047, "min_target": 2.465478932123233e-10, "training_steps": 99500, "buffer_max_priority": 6.227601051330566}