{"eps_since_update": 0, "timesteps_since_update": 0, "max_eps_before_update": 1, "min_return": 100000000.0, "best_min_return": -100000000.0, "max": 25.208208084106445, "min": 3.8523739931406453e-07, "max_target": 24.957786560058594, "min_target": 3.8523739931406453e-07, "training_steps": 19370, "buffer_max_priority": 3.6178481578826904}