{"eps_since_update": 0, "timesteps_since_update": 0, "max_eps_before_update": 1, "min_return": 100000000.0, "best_min_return": -100000000.0, "max": 94.73926544189453, "min": 1.039266976476938e-06, "max_target": 94.73926544189453, "min_target": 1.039266976476938e-06, "training_steps": 100001, "buffer_max_priority": 2.2795517444610596}