{
    "algorithm": "TD7",
    "hyperparameters":{
      "buffer_size": 1000000
    },
    "environment_kwargs": {
        "env_name": "Door-v0",
        "motor_obs": true,
        "input_max": [0.1, 0.1, 0.1, 0.5, 0.5, 0.5],
        "input_min": [-0.1, -0.1, -0.1, -0.5, -0.5, -0.5],
        "max_joint_pos": [0.5837283154296873, 0.11490292663574218, 0.529385491027832, 2.0128303616333003, 2.2100049996948243, 0.8958521265354213, 1.0758256774902337], 
        "min_joint_pos": [-0.9398980276489258, -0.7851602566528321, -0.11220194213867188, 0.3005243908691404, 0.19128638153076172, -1.066109301170314, -0.9467278924560549], 
        "max_motor_current": [336.0, 258.71999999999997, 1065.12, 735.8399999999999, 540.96, 635.04, 769.4399999999999, 715.68, 2556.96, 1770.72, 1394.3999999999999, 527.52, 168.0], 
        "min_motor_current": [-591.36, -1206.24, -658.56, -729.12, -735.8399999999999, -218.4, -1612.8, -544.3199999999999, -497.28, -551.04, -362.88, -712.3199999999999, -571.1999999999999]
    },
    "episode_length": 130,
    "original_episode_length": 130,
    "seed": 3,
    "offline": false,
    "eval_during_training": true,
    "init_buffer_paths": false
}